First Name,Second Name,Age (Years),Sex,Vehicle Make,Vehicle Model,Vehicle Year,Vehicle Type
Lynne,Hudson,37,Female,Subaru,Forte,1993,Convertible
Justin,Walker,29,Male,Toyota,Continental,2012,Sedan
Maria,Jones,66,Female,Mitsubishi,Yukon XL 2500,2014,Van/Minivan
Samantha,Norman,19,Female,Aston Martin,Silverado 3500 HD Regular Cab,1995,SUV
Barry,Gray,83,Male,Dodge,Aventador,2019,Coupe
Anthony,Young,19,Male,Volvo,Viper,2017,"Coupe, Sedan"
Olivia,Reid,51,Female,Jaguar,RX,2020,Hatchback
Dylan,Williams,85,Male,Toyota,F150 Regular Cab,2009,Coupe
Eileen,Andrews,33,Female,Lincoln,X5,1998,Pickup
Owen,Doherty,21,Male,Honda,Magnum,2006,Van/Minivan
Jayne,Briggs,22,Female,Hyundai,Silverado 1500 LD Double Cab,2008,"Hatchback, Convertible"
Callum,Evans,69,Male,Toyota,500 E,1997,Pickup
Glen,Edwards,54,Male,Hyundai,Ram 2500 Club Cab,1996,Pickup
Denis,Cook,57,Male,Chrysler,Express 3500 Passenger,2015,Sedan
Brenda,Bibi,90,Female,INFINITI,Firebird,2008,Van/Minivan
Joanne,Fisher,74,Female,GMC,Sierra 3500 Regular Cab,1995,Sedan
Marc,Williams,28,Male,Jeep,Suburban 1500,2002,SUV
Maria,Gilbert,58,Female,Ford,Tacoma Xtracab,1994,"Hatchback, Sedan"
Jennifer,Sharp,53,Female,Audi,Pathfinder,2006,Pickup
Elliott,Clarke,72,Male,Mercury,Tundra Double Cab,2018,Sedan
Hilary,McDonald,50,Female,Dodge,300,2010,Van/Minivan
Clifford,Tomlinson,77,Male,Chevrolet,Savana 2500 Passenger,2005,SUV
Lee,Archer,32,Male,Ford,Clubman,2010,Sedan
Leigh,Thompson,55,Male,BMW,Elise,2002,Convertible
Thomas,Harris,57,Male,Nissan,Accent,2007,Pickup
Maureen,Richardson,57,Female,Nissan,Neon,2013,SUV
Susan,Hall,62,Female,Toyota,Silverado 2500 HD Crew Cab,1992,Sedan
Guy,Reid,43,Male,Cadillac,2 Series,2015,SUV
Darren,Edwards,77,Male,Mercedes-Benz,S60,2003,"Wagon, Sedan"
Kelly,Williams,61,Female,Bentley,SSR,2009,"Convertible, Coupe"
Guy,Begum,57,Male,MINI,Town Car,2013,Coupe
Rebecca,Coleman,67,Female,Chevrolet,Fusion,2006,Sedan
Benjamin,Taylor,22,Male,Eagle,Countryman,2016,Hatchback
Stewart,Crawford,25,Male,Porsche,Raider Extended Cab,2014,SUV
Pauline,Hunter,48,Female,Chevrolet,RDX,2004,Van/Minivan
Jayne,Lee,33,Female,Ferrari,F350 Super Duty Regular Cab,2004,SUV
Howard,Morris,59,Male,Toyota,Sprinter 2500 Crew,2008,Pickup
Damien,Burrows,88,Male,Ford,R-Class,1996,Sedan
Mathew,Jones,73,Male,MAZDA,1500 Club Coupe,1999,SUV
Rachel,Jones,66,Female,Toyota,Tempo,2017,Van/Minivan
Guy,Mitchell,27,Male,GMC,Sportage,2010,"Sedan, Coupe"
Katy,Gilbert,50,Female,Chevrolet,Phantom,1992,Convertible
Gary,Cole,79,Male,Cadillac,Convertible,2010,"Hatchback, Convertible"
Marie,Mason,26,Female,Hyundai,Suburban 1500,1996,SUV
Hannah,Cooke,67,Female,MAZDA,Sprinter 2500 Passenger,2004,SUV
Edward,Robinson,68,Male,Toyota,3-Sep,2000,SUV
Eleanor,Brown,75,Female,Chevrolet,F450 Super Duty Crew Cab,2005,Hatchback
Glenn,Burke,37,Male,Acura,Econoline E250 Cargo,2014,Sedan
Lewis,Coleman,47,Male,Dodge,CX-9,2013,Pickup
Arthur,Moore,69,Male,Cadillac,M-Class,2018,SUV
Douglas,Weston,51,Male,MAZDA,RAV4,2010,Van/Minivan
Georgina,O'Neill,78,Female,Dodge,Bonneville,2017,"Hatchback, Convertible"
Naomi,Allan,37,Female,GMC,Eos,2014,Pickup
Julian,Young,69,Male,GMC,Phaeton,2006,Hatchback
Hugh,Smith,81,Male,Dodge,Sprinter 2500 Crew,2020,Convertible
Dylan,Kerr,67,Male,Toyota,1500 Regular Cab,2018,SUV
Fiona,Powell,41,Female,Mitsubishi,Model X,2013,Hatchback
Carl,Jennings,75,Male,Aston Martin,Intrepid,2019,Sedan
Georgia,Austin,36,Female,GMC,Sonata,1999,Pickup
Danny,Jones,90,Male,Chevrolet,Concorde,2005,SUV
Denis,Hope,85,Male,Ford,Savana 3500 Passenger,2012,"Coupe, Convertible"
Tracy,Holloway,55,Female,Lincoln,Optima,2008,SUV
Caroline,Harris,31,Female,GMC,Land Cruiser,2003,Pickup
Adrian,Taylor,20,Male,Hyundai,SVX,2009,Pickup
Diane,Goodwin,77,Female,Chevrolet,Econoline E250 Cargo,2015,Pickup
Susan,Benson,70,Female,Cadillac,S6,1992,Van/Minivan
Rebecca,Ford,68,Female,Nissan,300M,2000,"Sedan, Wagon, Coupe"
Chelsea,Johnson,39,Female,Jeep,STS,2005,SUV
Joshua,Smith,90,Male,Audi,Silverado 1500 Extended Cab,2008,Pickup
Shannon,Price,21,Female,Cadillac,Optima (2006.5),2017,Pickup
Andrea,Thomas,51,Female,Toyota,S10 Extended Cab,1992,Pickup
June,O'Brien,27,Female,Acura,Terrain,2005,Pickup
Lewis,Chapman,71,Male,Hyundai,Prius Plug-in Hybrid,2008,"Coupe, Convertible, Sedan, Wagon"
Hazel,Thomson,64,Female,MAZDA,Tundra Regular Cab,2007,Sedan
Michael,Griffiths,52,Male,Jeep,Aveo,2000,SUV
Damian,Daniels,91,Male,Honda,Camry,2006,SUV
Barbara,Conway,21,Female,Dodge,Escalade ESV,2014,SUV
Ricky,Daly,19,Male,Chevrolet,I,2008,Sedan
Lindsey,McDonald,53,Female,Audi,Equator Crew Cab,2016,Van/Minivan
Donna,Stokes,43,Female,Pontiac,Discovery Sport,2016,"Sedan, Wagon"
Frederick,Harris,21,Male,GMC,Express 1500 Passenger,1999,Van/Minivan
Ryan,Kent,85,Male,Volvo,F150 SuperCrew Cab,1997,Van/Minivan
Joseph,Edwards,87,Male,Audi,ES,2008,"Sedan, Coupe, Convertible, Wagon"
Daniel,Martin,48,Male,Chevrolet,QX60,2003,Pickup
Jason,Barnes,84,Male,Jaguar,Avalon,1997,Wagon
Kayleigh,Holmes,64,Female,Dodge,A3,2003,Pickup
Mitchell,Edwards,20,Male,Volkswagen,Dakota Club Cab,1998,Coupe
Lindsey,Bailey,23,Female,Toyota,Mustang,2007,Hatchback
Nicholas,Barlow,52,Male,GMC,Jetta,2016,Pickup
Margaret,Harris,23,Female,Nissan,Matrix,2002,"Sedan, Hatchback"
Deborah,Fowler,84,Female,Dodge,Metris Passenger,1994,Wagon
Alison,Brooks,82,Female,Chevrolet,Sprinter 2500 Passenger,2001,"Sedan, Convertible"
Hugh,Moore,54,Male,Toyota,Expedition,1993,Sedan
Abbie,Price,37,Female,Chevrolet,Aztek,2006,Sedan
Christopher,Gray,61,Male,Honda,Monte Carlo,2000,Wagon
Catherine,Jones,78,Female,BMW,S10 Extended Cab,2009,Pickup
Abbie,Doherty,76,Female,Ram,ProMaster Window Van,2009,SUV
Charlene,Parkin,57,Female,Porsche,Tundra CrewMax,2007,"Sedan, Wagon"
Ann,O'Neill,79,Female,Jeep,Express 1500 Cargo,1993,Sedan
Sophie,Edwards,59,Female,Volkswagen,Navigator,2013,Sedan
Rachel,Jones,49,Female,Chevrolet,Wrangler,1993,"Sedan, Wagon"
Marc,Armstrong,55,Male,Mercedes-Benz,M-Class,1997,Van/Minivan
Timothy,Gordon,32,Male,Chrysler,Laser,2008,SUV
Kate,Green,76,Female,Audi,626,2014,Van/Minivan
Luke,Butcher,32,Male,GMC,1500 Regular Cab,2004,Coupe
Alex,Carr,70,Male,BMW,Range Rover,2015,Van/Minivan
Charlie,Hussain,35,Male,INFINITI,Taurus,2011,Coupe
Stephanie,Austin,28,Female,BMW,Transit 350 HD Van,2008,"Coupe, Convertible"
Georgina,Daniels,76,Female,MINI,S4,2008,Convertible
Dennis,Shaw,36,Male,Toyota,Express 3500 Passenger,1996,SUV
Kimberley,Bailey,81,Female,Dodge,Genesis,2008,"Sedan, Wagon"
Joseph,Hughes,50,Male,Ford,MX-6,2004,SUV
Jeremy,Davies,28,Male,Acura,Intrepid,2009,Sedan
Norman,Parkinson,45,Male,Dodge,Mercedes-AMG GT,2008,SUV
Lewis,Phillips,53,Male,Lamborghini,Cayenne,2000,Pickup
Hugh,Williams,70,Male,Hyundai,Taurus,2003,SUV
Steven,Wilson,38,Male,Mitsubishi,MKZ,2014,"Hatchback, Convertible"
Claire,Williams,61,Female,MAZDA,Vandura 3500,1993,Sedan
Albert,Fisher,19,Male,Isuzu,GTI,2011,Van/Minivan
Marc,Cook,31,Male,Nissan,fortwo electric drive,2019,Sedan
Michelle,Davison,41,Female,Cadillac,Sprinter WORKER Cargo,2003,Convertible
Paula,Taylor,89,Female,Ford,Sentra,2016,SUV
Luke,Williams,77,Male,Buick,S80,1993,Sedan
Gary,Miller,30,Male,Dodge,RX,1995,Sedan
Lesley,Patterson,24,Female,Audi,Silverado 1500 Double Cab,2019,Sedan
Mathew,Lambert,58,Male,Mitsubishi,Neon,2019,"Coupe, Convertible"
Patrick,Norton,35,Male,Mercury,MKC,2002,SUV
Darren,Saunders,27,Male,BMW,Frontier Crew Cab,2001,Pickup
Iain,O'Brien,65,Male,Nissan,Sierra 2500 Regular Cab,2016,Pickup
Sally,Thomas,62,Female,Mercedes-Benz,S7,2018,SUV
Elliot,White,70,Male,Dodge,Savana 3500 Cargo,2016,Van/Minivan
Catherine,Rose,87,Female,Hyundai,Wraith,1999,Pickup
Guy,Evans,44,Male,Pontiac,Titan Crew Cab,2001,Sedan
Danielle,Sullivan,47,Female,Chevrolet,Taycan,2009,Hatchback
Patrick,Fisher,21,Male,Pontiac,Savana 3500 Passenger,2007,"Hatchback, Coupe, Convertible"
Kate,Pugh,77,Female,Ford,Forte Koup,2009,Sedan
Eileen,Johnson,37,Female,Scion,SC,1997,"Sedan, Wagon, Convertible"
Jade,Lewis,51,Female,Buick,I,1995,Coupe
Gemma,O'Brien,87,Female,Isuzu,Topaz,2002,SUV
Joshua,Lane,29,Male,Buick,Pacifica,2008,Coupe
Karen,Connolly,20,Female,Nissan,Camry,2014,SUV
Heather,Walker,42,Female,Hyundai,Grand Prix,2004,SUV
Kayleigh,Allen,61,Female,Land Rover,Express 1500 Passenger,1999,Pickup
Karen,Baxter,38,Female,Mitsubishi,XK,2018,Sedan
Arthur,Lawson,70,Male,smart,Blazer,2015,Coupe
Martyn,Ward,50,Male,Nissan,TL,2004,SUV
Georgina,Chapman,23,Female,Saturn,ATS,2019,SUV
Stacey,Brown,51,Female,BMW,Caliber,2014,Coupe
Ricky,Young,60,Male,Audi,Civic,2004,Pickup
Karl,Knight,79,Male,GMC,LS,2006,SUV
Sara,Taylor,27,Female,Aston Martin,Q5,1995,"Hatchback, Sedan"
Howard,Faulkner,40,Male,Buick,Accord,2000,Sedan
Iain,Dixon,64,Male,Volvo,C/V,2012,SUV
Jodie,Cross,86,Female,Cadillac,SQ5,2016,"Coupe, Convertible"
Lauren,Walker,48,Female,MAZDA,Vibe,2017,"Hatchback, Convertible"
Leonard,Robinson,88,Male,Kia,Maxima,2020,Sedan
Patricia,Lee,67,Female,Volvo,Avalon,2017,"Coupe, Convertible"
Mandy,Parsons,52,Female,Oldsmobile,Taurus,2004,SUV
Josh,Cooper,42,Male,Acura,Cabrio,2008,"Coupe, Convertible"
Reece,Wilson,20,Male,Mercedes-Benz,F250 Regular Cab,2007,"Sedan, Wagon"
Allan,Martin,27,Male,Cadillac,Mulsanne,2015,Van/Minivan
Paula,Davies,53,Female,Hyundai,Ram 2500 Quad Cab,1999,Sedan
Emily,Morris,36,Female,Volvo,TITAN XD Crew Cab,2018,Sedan
Kimberley,Lee,89,Female,Chevrolet,Intrigue,2004,"Sedan, Wagon"
Janet,Briggs,32,Female,Mercedes-Benz,Stratus,2017,Coupe
Gerald,Pearson,75,Male,Honda,Sentra,2011,SUV
Lydia,Harvey,77,Female,Mercury,Hombre Regular Cab,1993,Van/Minivan
Julian,Davidson,47,Male,Chevrolet,Alero,2007,Sedan
Sandra,Green,43,Female,Buick,Yaris,2010,SUV
Gillian,Johnson,64,Female,Chevrolet,Silverado (Classic) 2500 HD Extended Cab,2007,Van/Minivan
Aimee,Taylor,54,Female,Bentley,S10 Crew Cab,2017,Wagon
Jake,Cox,47,Male,Dodge,1 Series,1997,Sedan
Lauren,Atkinson,21,Female,Kia,Prius,1997,Sedan
Ashley,Cooper,31,Male,Toyota,Jetta,2011,Convertible
Zoe,Lamb,68,Female,Porsche,fortwo,2009,Sedan
Victoria,Stephens,71,Female,MAZDA,Touareg,2013,Sedan
Natasha,Dean,63,Female,Chrysler,Lancer,2010,Hatchback
Michael,Howard,85,Male,Toyota,Sentra,2008,SUV
Justin,Robinson,26,Male,Chevrolet,Silverado 2500 HD Double Cab,2007,Sedan
Jade,Watts,37,Female,Mitsubishi,Vandura G3500,2002,Pickup
Marilyn,Gill,83,Female,Rolls-Royce,Optima,1994,Pickup
Bethany,White,84,Female,Ford,Explorer,2000,"Sedan, Wagon"
Derek,Riley,42,Male,Honda,Suburban 2500,2013,Pickup
Margaret,Jennings,87,Female,Ford,ILX,2017,SUV
Sophie,Naylor,28,Female,Ferrari,9-7X,2014,Sedan
Lesley,Ryan,85,Female,Pontiac,2500 Regular Cab,2003,"Sedan, Wagon, Convertible, Coupe"
Karl,Miles,72,Male,Kia,Sentra,2007,SUV
Ricky,Crawford,84,Male,Mitsubishi,124 Spider,2012,Pickup
Nicholas,Spencer,71,Male,GMC,RAV4,2002,SUV
Lawrence,Ford,77,Male,GMC,Mirage G4,2014,Pickup
Norman,Bradley,26,Male,Ram,Virage,2013,Pickup
Lorraine,Simpson,35,Female,Saab,Corolla,2006,"Convertible, Coupe"
Ricky,Smith,26,Male,Kia,LX,2015,Wagon
Damian,Hughes,74,Male,INFINITI,XC90,1993,SUV
Maureen,Marshall,73,Female,Porsche,Silverado 1500 Extended Cab,2009,Sedan
Bethan,Slater,53,Female,Land Rover,Canyon Regular Cab,2000,Sedan
Paula,Field,42,Female,INFINITI,Focus ST,2008,Sedan
Hayley,Jarvis,48,Female,INFINITI,Envision,2012,Hatchback
Nicholas,Price,82,Male,Toyota,Hardtop 2 Door,2003,Van/Minivan
Terry,Walters,47,Male,Nissan,Ramcharger,1999,SUV
Carol,Brown,18,Female,Ford,Elise,2019,Sedan
Lesley,Kelly,68,Female,Maserati,GS,2018,SUV
Alexander,Bennett,23,Male,Dodge,Outlander,1997,SUV
Guy,Potter,56,Male,Lexus,Mountaineer,2010,Sedan
Scott,Newman,20,Male,Ford,Taurus,2016,Sedan
Zoe,Davies,79,Female,Saab,Compass,2011,"Coupe, Convertible"
Donald,Bell,47,Male,GMC,CC,2013,SUV
June,Lamb,27,Female,Ford,XT5,2006,Wagon
Kelly,Dodd,60,Female,GMC,Ram Van 3500,2014,Pickup
Scott,Wong,37,Male,Chevrolet,Transit Connect Cargo,1995,SUV
Steven,Cooke,60,Male,Chevrolet,Sebring,1998,SUV
Nicholas,Richardson,23,Male,Porsche,MDX,2008,Sedan
Grace,Baldwin,49,Female,MINI,F150 Super Cab,2013,Van/Minivan
Nicole,O'Brien,72,Female,Ford,Gladiator,2011,Sedan
Roger,Mason,42,Male,Land Rover,Sprinter 2500 Cargo,2011,"Wagon, Sedan"
Stephen,Nash,43,Male,Audi,XC70,2017,Sedan
Jenna,Wells,65,Female,GMC,Concorde,2017,Sedan
Stacey,Tucker,66,Female,Honda,Ram Van 2500,1995,Sedan
Ricky,Duffy,21,Male,Mercedes-Benz,Expedition EL,2008,Sedan
Eileen,McCarthy,66,Female,Chevrolet,Malibu,2004,SUV
Lesley,Walker,45,Female,Ram,E150 Passenger,1992,SUV
Martin,White,79,Male,Chevrolet,Q,2002,Wagon
Leonard,Long,76,Male,Mercedes-Benz,Spark,2004,Pickup
Glen,Lewis,18,Male,Alfa Romeo,Impreza,2017,Pickup
Gavin,Walker,91,Male,Chevrolet,Laser,2010,"Convertible, Sedan, Coupe"
Gareth,Smith,28,Male,Lexus,VUE,2010,Van/Minivan
Victoria,Daniels,52,Female,Pontiac,Bronco,2011,Pickup
Katherine,Cartwright,18,Female,Nissan,Insight,2010,Pickup
Neil,Stephenson,50,Male,Volvo,F-PACE,2004,"Hatchback, Convertible"
Joseph,Ellis,20,Male,Hyundai,LeSabre,2004,Sedan
Sian,Kaur,53,Female,Lamborghini,TLX,2015,"Sedan, Wagon"
Jill,Bull,31,Female,Audi,RAV4,2015,Convertible
Jill,Campbell,48,Female,Ford,M5,2001,SUV
Dominic,Smith,40,Male,Hyundai,V40,1994,"Sedan, Hatchback"
Natalie,Nicholson,89,Female,Toyota,RLX Sport Hybrid,1998,Pickup
Marcus,Walters,66,Male,Toyota,G-Class,2013,Convertible
Bryan,Jackson,79,Male,FIAT,6 Series,2004,Pickup
Hugh,Houghton,30,Male,Toyota,F250 Super Duty Regular Cab,1995,Van/Minivan
Aimee,Norton,71,Female,Ford,Caliber,2004,SUV
Gordon,Lawson,28,Male,Volkswagen,SLK-Class,2001,Van/Minivan
Eileen,Hall,60,Female,Chevrolet,F250 Super Duty Super Cab,1996,Pickup
Victor,Ford,45,Male,Kia,Echo,2015,Pickup
Rita,Robinson,38,Female,Chevrolet,Mercedes-AMG G-Class,2014,Pickup
Sally,Stevens,87,Female,Oldsmobile,Stealth,2015,"Coupe, Convertible"
Gavin,Young,18,Male,Audi,Ram 2500 Regular Cab,2010,"Wagon, Sedan"
Barbara,Marshall,50,Female,FIAT,Outback,2010,SUV
Sharon,Fitzgerald,29,Female,Saturn,Trans Sport,2003,Convertible
Jennifer,James,37,Female,Ford,Venture Cargo,2000,Pickup
Pamela,Bailey,45,Female,Toyota,5 Series,1992,Sedan
Kieran,Cole,18,Male,Honda,Mirage,2007,SUV
Julia,Murphy,41,Female,Isuzu,F150 Regular Cab,2004,Convertible
Donald,Harrison,38,Male,Ford,Versa,1992,Pickup
Jayne,Bailey,18,Female,Dodge,GLE Coupe,2012,SUV
Benjamin,Smith,44,Male,Toyota,Magnum,2018,SUV
Harry,Tomlinson,63,Male,MAZDA,Malibu,2002,Van/Minivan
Annette,Robson,79,Female,Honda,Thunderbird,2002,Pickup
Dawn,Patterson,32,Female,Chevrolet,Tacoma Xtracab,2013,Coupe
Kieran,Godfrey,64,Male,Hyundai,Grand Cherokee,2016,SUV
Alice,Sullivan,23,Female,INFINITI,Vanquish S,2007,Coupe
Jenna,Jones,76,Female,Mercedes-Benz,Escalade ESV,1999,Sedan
Paula,Hart,40,Female,Ford,Commander,2014,SUV
Barry,Young,87,Male,Ferrari,Nubira,2017,SUV
Bryan,Daniels,74,Male,Lexus,Tacoma Access Cab,2006,SUV
Jean,Dickinson,82,Female,Jeep,New Beetle,2000,Pickup
Chelsea,Brooks,57,Female,Ford,Express 1500 Cargo,2008,Sedan
Dominic,Shaw,50,Male,MINI,CTS,2008,Sedan
Samantha,Wallace,62,Female,Eagle,4Runner,2002,Van/Minivan
Julian,Griffiths,89,Male,Toyota,Metris Cargo,2014,SUV
Julia,Hurst,70,Female,GMC,Q50,2012,Van/Minivan
Georgia,Lyons,27,Female,MINI,2500 Regular Cab,2001,Pickup
Jay,Richardson,37,Male,Cadillac,D350 Regular Cab,2003,Van/Minivan
Julie,Whitehouse,61,Female,Chevrolet,M,2003,"Sedan, Wagon"
Megan,Clark,39,Female,Hyundai,Ram 2500 Mega Cab,2014,SUV
Leslie,Phillips,86,Male,Ford,Canyon Crew Cab,2011,Coupe
Gareth,Jennings,39,Male,Nissan,500c Abarth,1994,SUV
Bernard,White,26,Male,Toyota,Freelander,2009,Coupe
Robert,Taylor,46,Male,Kia,Caravan Cargo,2007,Sedan
Phillip,Butler,79,Male,Pontiac,370Z,2005,Sedan
Christine,Weston,28,Female,Scion,City Express,1997,"Convertible, Coupe"
Danny,Mason,62,Male,Pontiac,Vanquish S,2010,Sedan
Lucy,Dean,29,Female,Porsche,M,2004,Pickup
Janice,French,49,Female,Isuzu,Tundra Double Cab,2006,Sedan
Jason,Smith,32,Male,Volvo,500,1995,Pickup
Jean,Barber,51,Female,Ford,XJ,2008,Sedan
Trevor,Campbell,18,Male,Dodge,3500 Crew Cab,2014,"Convertible, Sedan, Coupe"
Maurice,Clarke,81,Male,FIAT,Range Rover Sport,2006,SUV
Robert,Smith,54,Male,Ford,EX,2017,Sedan
Andrew,Myers,43,Male,INFINITI,DBS,2011,Sedan
Lucy,Day,79,Female,HUMMER,S-Class,2005,Pickup
Graham,Brown,78,Male,Cadillac,MAZDA5,2010,Sedan
Oliver,Walker,41,Male,Honda,Rodeo,2016,Sedan
Kieran,Riley,57,Male,GMC,Cayenne,2010,"Convertible, Coupe"
Suzanne,Jackson,86,Female,Chevrolet,Silverado (Classic) 2500 HD Extended Cab,2009,Pickup
Elizabeth,Sanders,62,Female,HUMMER,911,1995,Sedan
Gordon,Harrison,52,Male,Hyundai,Canyon Regular Cab,2000,Coupe
Janice,Davies,84,Female,Toyota,Model 3,2011,Sedan
Bernard,Evans,41,Male,Audi,GS,2016,Sedan
Zoe,Johnson,32,Female,Jeep,Q5,2012,Sedan
Carolyn,Nixon,69,Female,Chevrolet,TL,1993,Van/Minivan
Jane,Kirk,43,Female,Honda,Grand Marquis,2015,Van/Minivan
Yvonne,Andrews,71,Female,Toyota,Versa,2005,Coupe
Julia,Parsons,91,Female,Toyota,G-Class,2018,Coupe
Damien,Williams,71,Male,Chevrolet,Genesis,2020,Van/Minivan
Hugh,Little,27,Male,Subaru,Millenia,1999,Hatchback
Ellie,Taylor,74,Female,Honda,Grand Marquis,2002,SUV
Joshua,James,26,Male,Ford,Breeze,2015,"Sedan, Coupe, Convertible"
Eric,Berry,45,Male,Hyundai,Range Rover Evoque,2015,Van/Minivan
Rebecca,Faulkner,83,Female,Toyota,Spectra,2015,"Sedan, Coupe, Wagon"
Kenneth,Ali,64,Male,Kia,Stratus,2011,SUV
Amy,Begum,41,Female,Ford,Prelude,2016,"Coupe, Convertible"
Frances,Tucker,71,Female,GMC,Sierra (Classic) 1500 Crew Cab,2020,Sedan
Howard,Smart,37,Male,Ford,Jetta III,2000,Sedan
Mohamed,Jones,74,Male,GMC,CR-V,2017,SUV
Helen,Holland,45,Female,Hyundai,Sprinter 3500 Cargo,2014,Sedan
Rosie,Stewart,21,Female,Kia,CL-Class,2014,Hatchback
Eleanor,Howe,72,Female,Honda,Grand Caravan Cargo,1994,Pickup
Dale,Bibi,79,Male,Jeep,Equinox,2011,Convertible
Josephine,Burns,18,Female,BMW,Milan,2007,"Sedan, Coupe"
Conor,Thomas,84,Male,Ford,Paceman,2001,SUV
Jasmine,Stevens,84,Female,BMW,Daytona,2003,SUV
Chloe,Gallagher,76,Female,Kia,Ram 1500 Quad Cab,2010,Sedan
Gillian,Roberts,82,Female,Nissan,Riviera,2014,SUV
Jamie,Ingram,38,Male,FIAT,Brougham,2000,SUV
Kenneth,King,19,Male,INFINITI,C-Class,2020,Convertible
Julie,Brown,61,Female,Chevrolet,Envoy,2020,SUV
Jason,Cooke,62,Male,Jaguar,7 Series,1996,Van/Minivan
Carly,Pope,38,Female,Ford,Q7,2001,Hatchback
Patricia,Murray,39,Female,Audi,Sierra 1500 Regular Cab,2019,Pickup
Alice,Matthews,39,Female,GMC,Savana 1500 Cargo,2000,"Convertible, Coupe"
Jane,Jones,24,Female,Acura,Ranger Regular Cab,2011,Convertible
Thomas,Martin,72,Male,GMC,9-7X,2001,Sedan
Ross,Martin,36,Male,Genesis,SC,2015,Van/Minivan
Joseph,Harrison,74,Male,Dodge,Neon,2003,SUV
Graeme,Ahmed,62,Male,Chevrolet,RAV4,2020,SUV
Pamela,Hewitt,21,Female,Chevrolet,Range Rover Sport,2016,Coupe
Molly,Wilson,25,Female,Scion,Sprinter 2500 Crew,2014,Coupe
Tracy,Murray,62,Female,Acura,Tribeca,2014,Wagon
Leigh,Clarke,55,Male,Hyundai,Express 3500 Cargo,1995,"Convertible, Coupe"
Zoe,Wells,63,Female,BMW,S5,1995,SUV
Jennifer,Birch,50,Female,Ford,Cadenza,2013,Sedan
Martin,Smith,31,Male,GMC,3500 Regular Cab,2018,Pickup
Hollie,Moore,50,Female,Chevrolet,S10 Crew Cab,2019,Pickup
Eric,Wallis,69,Male,Chevrolet,Sierra 1500 Regular Cab,2016,Convertible
Barbara,Lucas,53,Female,Acura,Sienna,2016,SUV
Dylan,Rees,24,Male,BMW,Acclaim,2001,Sedan
Josephine,Bishop,76,Female,Porsche,Cabriolet,2000,Sedan
Barbara,Stephens,66,Female,Nissan,HHR,2017,Van/Minivan
Stewart,Dyer,81,Male,Lexus,Ranger Super Cab,1996,Coupe
Matthew,Brown,74,Male,Chrysler,Sierra 1500 Regular Cab,2013,SUV
Rita,Green,47,Female,Oldsmobile,CLS-Class,2006,Coupe
Julian,Randall,86,Male,Toyota,Genesis Coupe,2014,"Convertible, Hatchback"
Helen,Griffin,54,Female,Mercedes-Benz,M5,2008,Wagon
Wayne,Jones,56,Male,Chevrolet,911,2008,Pickup
Kerry,Law,37,Female,Nissan,Jetta,2001,Hatchback
Shane,Roberts,40,Male,Toyota,Econoline E150 Cargo,2009,Sedan
Katherine,Hutchinson,74,Female,MAZDA,Bolt EV,2006,Sedan
Mohammad,Chapman,59,Male,Ford,Altima,2005,SUV
Amanda,Harris,63,Female,Alfa Romeo,7 Series,1993,Hatchback
Danielle,Davison,41,Female,Isuzu,Golf R,1996,Pickup
Edward,Griffiths,59,Male,Ford,Bronco,1996,Sedan
Brandon,Collins,32,Male,Toyota,Grand Prix,2018,Pickup
Beverley,Anderson,19,Female,Lexus,DBS,2013,SUV
Kyle,Hughes,65,Male,Nissan,Rio,1995,"Sedan, Hatchback"
Laura,Fowler,39,Female,Audi,X3,2013,Coupe
Carol,Williams,28,Female,Nissan,4Runner,2014,Wagon
Georgia,Cunningham,64,Female,Subaru,Park Avenue,2003,SUV
Kyle,Dunn,81,Male,BMW,968,1995,Coupe
Bethan,Fraser,70,Female,Ford,Range Rover,2019,Sedan
Bradley,Dickinson,87,Male,Lexus,Land Cruiser,2010,Sedan
Carl,Thomas,37,Male,Audi,2500 Crew Cab,1996,Sedan
Alex,Cooper,60,Male,Lexus,5 Series,2009,SUV
Chloe,Pugh,75,Female,BMW,Jetta,2010,SUV
Stephen,Ryan,48,Male,Chrysler,Esteem,2018,Sedan
Karl,Brady,53,Male,Subaru,Ram 1500 Quad Cab,2000,Pickup
Gregory,Knowles,91,Male,GMC,Lancer,2008,Van/Minivan
Rebecca,Carter,72,Female,Mercedes-Benz,Sierra 1500 Double Cab,2014,SUV
Katy,Dixon,35,Female,Lexus,LaCrosse,2019,Van/Minivan
Gary,Yates,49,Male,GMC,T100 Regular Cab,2003,Sedan
Nicholas,Francis,73,Male,Audi,DeVille,2003,"Coupe, Sedan"
Roy,Moore,34,Male,Honda,Silverado 3500 Regular Cab,2019,Sedan
Leanne,Burns,20,Female,Volkswagen,A6,2016,SUV
Malcolm,Buckley,22,Male,Bentley,V70,2017,Hatchback
Elliott,Jones,67,Male,Chevrolet,F250 Super Duty Super Cab,2019,Sedan
Kerry,Harris,80,Female,GMC,Ram 3500 Mega Cab,1993,Hatchback
Jenna,Perry,33,Female,Chevrolet,500c,1997,Coupe
Frederick,Foster,31,Male,GMC,Rio,2011,"Convertible, Coupe"
Ashleigh,Thompson,47,Female,Toyota,Sienna,2003,Coupe
Leslie,Clark,85,Male,Volkswagen,Bonneville,2009,SUV
Anna,Richardson,34,Female,Ford,Firebird,2013,Van/Minivan
Charlotte,McCarthy,42,Female,Mercedes-Benz,A4,2015,Sedan
Eric,Mason,86,Male,Ford,Patriot,1997,Convertible
Fiona,Lees,83,Female,Lincoln,7 Series,2006,Pickup
Reece,Watson,54,Male,Nissan,Jetta,2012,Hatchback
Charlotte,Bird,39,Female,Pontiac,Mark VIII,2005,Coupe
Denise,Kirby,23,Female,Lincoln,Express 1500 Passenger,2013,"Coupe, Sedan"
Jamie,Tucker,22,Male,Ford,Focus,2003,Pickup
Lydia,Jones,55,Female,Nissan,Rio,2013,SUV
Rebecca,Roberts,65,Female,Kia,Express 2500 Passenger,2012,Coupe
David,Hill,72,Male,Nissan,Enclave,2011,"Coupe, Convertible"
Carol,Banks,59,Female,BMW,Silverado 1500 Crew Cab,2001,Sedan
Jacob,Fox,52,Male,Chevrolet,Tundra Regular Cab,2001,SUV
Maurice,Bruce,64,Male,Acura,Rogue,1998,SUV
Louise,Wade,50,Female,INFINITI,Kicks,2016,"Coupe, Sedan"
Kayleigh,Fox,64,Female,MAZDA,Grand Am,2002,Van/Minivan
Leanne,Birch,89,Female,Nissan,300 E,2017,Van/Minivan
Diana,Birch,19,Female,Ford,MKT,1995,Pickup
Jane,Singh,48,Female,Chevrolet,R8,2017,SUV
Carly,Nicholson,28,Female,Toyota,MDX,1995,Pickup
Christine,Jones,62,Female,Lexus,V70,2006,Van/Minivan
Adam,Taylor,71,Male,Chevrolet,2500 Regular Cab,2013,SUV
Oliver,Booth,90,Male,Ford,E150 Cargo,2000,"Convertible, Wagon, Coupe, Sedan"
Toby,Bailey,23,Male,GMC,D350 Regular Cab,2014,Convertible
Russell,Smith,74,Male,Lexus,SL-Class,2008,SUV
Rebecca,Smith,54,Female,Toyota,Corvette,1992,Sedan
Connor,Smith,71,Male,MAZDA,Quest,2011,Sedan
Anne,Evans,62,Female,Mitsubishi,E350 Super Duty Cargo,2000,Coupe
Annette,Watson,72,Female,Nissan,C/V Tradesman,2012,Hatchback
Ryan,Hudson,48,Male,Acura,F150 Super Cab,1993,Hatchback
Katherine,Higgins,23,Female,Nissan,iM,2000,Sedan
Josh,Gough,58,Male,Toyota,Focus,2016,"Coupe, Convertible"
Lynne,Smith,91,Female,Volvo,Exige,1995,SUV
Leonard,Nelson,38,Male,Subaru,Tacoma Xtracab,2019,"Sedan, Hatchback"
Ronald,Bishop,83,Male,Saturn,Sequoia,2015,Pickup
Georgia,Campbell,70,Female,Alfa Romeo,Suburban 1500,2017,SUV
Lucy,George,47,Female,Freightliner,Durango,2014,SUV
Amy,Bell,59,Female,Cadillac,Nitro,2018,Hatchback
Elizabeth,Harding,50,Female,Audi,Accord,2012,"Convertible, Sedan, Coupe"
Jayne,Baker,89,Female,Kia,D150 Regular Cab,1998,Van/Minivan
Clifford,Nixon,18,Male,Lexus,Tundra Regular Cab,2009,"Sedan, Wagon"
Jamie,Webb,33,Male,Jaguar,Town & Country,2012,Van/Minivan
Gary,Bennett,69,Male,Mercedes-Benz,A3,2007,Sedan
Natalie,Wood,68,Female,Nissan,Clarity Electric,1999,Sedan
Martyn,King,87,Male,Mitsubishi,Hardtop 2 Door,2014,Sedan
Josephine,Dunn,70,Female,Ford,F350 Crew Cab,2007,SUV
Danny,Lewis,80,Male,Suzuki,Ram Van 1500,2015,Pickup
Kerry,White,37,Female,Saturn,X5,2013,Sedan
Pamela,Lewis,32,Female,Bentley,240SX,2018,"Sedan, Coupe, Convertible"
Philip,Bell,77,Male,Cadillac,Civic,1999,SUV
Judith,Young,65,Female,Chrysler,fortwo electric drive,2012,Sedan
Geoffrey,Richardson,62,Male,Ram,Matrix,1997,Pickup
Sandra,Williams,30,Female,Pontiac,F150 Super Cab,2011,Van/Minivan
Amelia,Barnett,26,Female,GMC,Savana 3500 Cargo,2006,"Coupe, Convertible"
Ruth,Howells,77,Female,Nissan,F250 Super Cab,2001,Sedan
Julian,Cook,82,Male,Chevrolet,Aerostar Cargo,2016,Sedan
Gavin,Arnold,69,Male,Jeep,Expedition,2007,"Coupe, Sedan, Hatchback"
Ross,Smith,52,Male,Chevrolet,M3,1993,"Sedan, Wagon"
Ian,Rice,69,Male,Chevrolet,Sierra 2500 HD Double Cab,2001,Sedan
Stanley,Cook,69,Male,Hyundai,V60,2015,"Convertible, Coupe"
Janet,Riley,31,Female,Ford,F150 SuperCrew Cab,2020,Pickup
Brian,Robinson,62,Male,Chevrolet,XC70,2003,Sedan
Denise,Griffiths,18,Female,Lexus,Accent,2010,Van/Minivan
Thomas,Clements,57,Male,INFINITI,Bonneville,1998,SUV
Jayne,Shepherd,52,Female,Mercedes-Benz,M-Class,2018,Convertible
Joyce,Yates,30,Female,Genesis,E350 Super Duty Cargo,2002,SUV
Charlene,Farrell,55,Female,INFINITI,Navigator,2006,Sedan
Trevor,Begum,89,Male,Acura,Camaro,1999,Pickup
Holly,Pope,55,Female,Dodge,Sonoma Club Coupe Cab,2004,Hatchback
Joan,Lewis,66,Female,Buick,Beretta,2005,SUV
Sean,Wilson,79,Male,Chevrolet,Civic,2008,Coupe
Alan,Payne,89,Male,Mercedes-Benz,Golf III,2017,Van/Minivan
Sian,O'Neill,81,Female,Chrysler,4 Series,1999,SUV
Amber,Dickinson,87,Female,GMC,300 CE,2002,SUV
Phillip,Mahmood,19,Male,Lincoln,M5,2014,Van/Minivan
Aaron,Hodgson,72,Male,Chevrolet,Karma,2006,SUV
Diana,Kelly,41,Female,Ford,Express 3500 Passenger,2006,Hatchback
Alexander,Newman,87,Male,Lamborghini,Silverado 2500 HD Crew Cab,2016,Convertible
Karl,Jones,18,Male,Chevrolet,Crown Victoria,2004,"Sedan, Wagon"
Hugh,Robertson,89,Male,Oldsmobile,Q7,2016,Pickup
Dylan,Talbot,35,Male,Volvo,Sonoma Extended Cab,1997,Sedan
Albert,Kay,22,Male,Chevrolet,Matrix,2013,Van/Minivan
Reece,Hargreaves,44,Male,Chevrolet,F350 Super Duty Regular Cab,1996,Sedan
Marilyn,Jenkins,69,Female,Chevrolet,DeVille,1997,"Sedan, Hatchback"
Olivia,Gray,71,Female,Cadillac,Sedona,2019,Pickup
Rosemary,Williams,22,Female,Dodge,Cherokee,2017,"Coupe, Hatchback, Convertible, Sedan"
Katie,Reed,70,Female,INFINITI,MR2,2016,Pickup
Marc,Cooper,85,Male,Mercedes-Benz,S60,2005,"Wagon, Sedan"
Kyle,Edwards,72,Male,Chevrolet,S80,2011,Van/Minivan
Valerie,Scott,29,Female,Saab,Grand Caravan Passenger,2011,"Hatchback, Sedan"
Ronald,Harding,80,Male,Nissan,Rogue Sport,2009,Sedan
Alexandra,Watson,38,Female,Cadillac,Villager,2020,Sedan
Toby,Davey,46,Male,Bentley,911,2013,Van/Minivan
Justin,Brown,41,Male,Buick,F350 Super Duty Crew Cab,2003,Sedan
Patrick,Richardson,72,Male,Nissan,Venture Cargo,2014,SUV
Kyle,Brookes,42,Male,Nissan,Niro,2015,Van/Minivan
Michelle,Storey,38,Female,Volkswagen,Tacoma Regular Cab,2014,Pickup
Robin,Dawson,66,Male,Chevrolet,H1,2011,Van/Minivan
Hollie,Hughes,85,Female,Nissan,Altima,2001,Pickup
Carol,Martin,56,Female,FIAT,Protege,2000,Van/Minivan
Lorraine,Wyatt,52,Female,Daewoo,XC70,2017,SUV
Carole,Turner,58,Female,GMC,Galant,2011,Coupe
Joyce,Briggs,54,Female,Kia,Ram 2500 Quad Cab,2012,SUV
Glenn,Storey,79,Male,Ford,Mark LT,1998,Van/Minivan
Jake,Wallace,32,Male,Nissan,1500 Extended Cab,2010,SUV
Steven,Allen,73,Male,Isuzu,LX,1996,SUV
Kerry,Bennett,82,Female,Pontiac,Metris Cargo,2009,SUV
Sarah,Brown,83,Female,Ford,Town & Country,1994,Convertible
Teresa,Patel,71,Female,Ford,T100 Xtracab,2006,Sedan
Bethan,Wood,29,Female,GMC,Wrangler,1995,Pickup
Yvonne,Hughes,58,Female,BMW,XL7,2017,SUV
Reece,Holmes,24,Male,Subaru,Flex,1998,SUV
Amelia,Jones,31,Female,Chevrolet,XK,1997,Sedan
Claire,Norman,90,Female,Toyota,Impreza,1992,"Coupe, Convertible"
David,Baker,67,Male,Mercedes-Benz,Eldorado,1992,SUV
Alice,Webb,89,Female,Chevrolet,Expedition,2018,SUV
Matthew,Rose,32,Male,Mercedes-Benz,Mustang,2003,SUV
Aimee,Lewis,67,Female,MAZDA,Express 2500 Passenger,2005,"Convertible, Coupe"
Alison,Sutton,64,Female,Toyota,Q5,2014,"Sedan, Coupe"
Geoffrey,Walters,91,Male,Dodge,RX,2007,Sedan
Louis,Gardiner,31,Male,Honda,57,1997,Hatchback
Danielle,Fisher,66,Female,Hyundai,Elantra GT,1995,Wagon
Harry,Carter,40,Male,Chevrolet,Integra,2018,SUV
Albert,Dawson,21,Male,Chevrolet,Silverado 2500 HD Extended Cab,2019,SUV
Donna,Thornton,33,Female,Nissan,Caravan Passenger,2015,Sedan
Abigail,Taylor,46,Female,Saab,Civic,2015,Sedan
Claire,Lee,38,Female,MAZDA,Montero,1998,Coupe
Jenna,Evans,86,Female,Honda,S6,1992,SUV
Maria,Allen,50,Female,Isuzu,1500 Extended Cab,1992,Pickup
Sandra,Bell,91,Female,GMC,Scoupe,2018,Sedan
Kathleen,Hart,32,Female,Nissan,Yukon,2009,"Sedan, Hatchback"
Cheryl,Howell,91,Female,Ford,3500 Mega Cab,1996,"Sedan, Hatchback"
Jack,Taylor,90,Male,Mitsubishi,Freestar Passenger,2012,Pickup
Melissa,Martin,47,Female,Eagle,Avalon,1999,Sedan
Nathan,Cooper,91,Male,Nissan,NSX,2014,Sedan
Andrew,Mills,90,Male,Ford,Cutlass Ciera,1999,Pickup
Bryan,Riley,31,Male,Honda,GX,2020,Pickup
Martyn,Gardner,82,Male,Chevrolet,Yaris,2000,Coupe
Susan,Davies,68,Female,Chevrolet,Sorento,1993,SUV
Elliott,Willis,86,Male,Dodge,Grand Vitara,2017,SUV
Reece,Griffin,81,Male,Geo,Pacifica Hybrid,2011,Van/Minivan
Darren,Tucker,77,Male,HUMMER,3500 Mega Cab,2015,Van/Minivan
Nigel,Robson,58,Male,Volvo,Elantra,1999,SUV
Keith,Edwards,89,Male,Hyundai,RX,2012,Sedan
Amy,Turner,28,Female,Jaguar,C70,2008,Van/Minivan
Scott,Sanderson,81,Male,Buick,940,1999,Pickup
Maria,Campbell,22,Female,MAZDA,Aventador,1995,Pickup
Dean,King,29,Male,Chrysler,Transit Connect Passenger,2005,Sedan
Ricky,Cameron,58,Male,Ram,Enclave,2004,Pickup
Lorraine,Morris,76,Female,GMC,Z4,2019,Sedan
Joanna,Holmes,59,Female,Audi,Grand Vitara,2008,"Coupe, Convertible"
Victor,Roberts,84,Male,Kia,VUE,1994,Pickup
Denise,Pearson,60,Female,Aston Martin,XG350,2014,Sedan
Hilary,Carr,61,Female,GMC,NV200,2008,SUV
Andrea,Arnold,80,Female,Chrysler,Trans Sport,2008,Van/Minivan
Roger,Hammond,75,Male,Jeep,X-Type,2005,Pickup
Ashleigh,Williams,91,Female,Buick,370Z,1999,Van/Minivan
Margaret,Foster,54,Female,Subaru,Focus,1994,Van/Minivan
Josephine,James,49,Female,INFINITI,Sorento,1997,SUV
Amelia,Morgan,80,Female,Chevrolet,PT Cruiser,2007,Sedan
Garry,Evans,88,Male,Suzuki,GLC Coupe,2017,SUV
Leah,Freeman,44,Female,Mercedes-Benz,GS,2005,Pickup
Karen,Stewart,28,Female,Mercedes-Benz,Sierra 1500 Regular Cab,2003,"Sedan, Wagon"
Claire,Gilbert,60,Female,Chrysler,Ram 2500 Regular Cab,1992,Sedan
Mohammed,Thomas,58,Male,Dodge,XC90,1997,SUV
Kyle,Lawson,63,Male,Dodge,CTS,2010,SUV
Hannah,Perry,69,Female,GMC,Altima,1994,Sedan
Darren,Barnes,25,Male,Mercedes-Benz,LSS,2002,SUV
Rachel,Fisher,67,Female,Suzuki,CX-5,2008,SUV
Eric,Wilson,80,Male,Honda,Equinox,1993,"Sedan, Convertible, Wagon"
Simon,Walker,31,Male,Ford,S60,1996,Hatchback
Stacey,Sullivan,68,Female,GMC,DeVille,2009,SUV
Owen,Jones,74,Male,Porsche,Compass,2015,Sedan
Georgia,Talbot,59,Female,Ford,Ranger Regular Cab,2013,SUV
Hazel,Harris,57,Female,GMC,Alpina B7,2017,Sedan
Joshua,Stewart,50,Male,Volvo,Impreza,1997,Sedan
Jacqueline,Brown,29,Female,Lexus,F350 Super Duty Regular Cab,2015,Van/Minivan
Connor,Ahmed,41,Male,Plymouth,X5,2006,Sedan
Shannon,Jones,29,Female,MINI,S5,2001,Hatchback
Lucy,Patel,25,Female,INFINITI,MAZDA6,2006,Sedan
Damian,Stewart,90,Male,Jaguar,G,2020,Sedan
Albert,Pritchard,52,Male,Ford,R8,2000,Sedan
Jessica,Thomas,72,Female,MINI,Regal,2011,"Coupe, Sedan, Convertible"
Jessica,Murray,74,Female,GMC,Sierra 2500 Regular Cab,2012,Pickup
Mohammed,Sharp,80,Male,Jeep,Nautilus,2006,Wagon
Geoffrey,Gough,72,Male,GMC,Touareg,1998,Pickup
Ashley,West,65,Male,Chrysler,Frontier King Cab,2016,Van/Minivan
Kathleen,Phillips,81,Female,Ford,Venture Passenger,2002,Pickup
Allan,Johnson,45,Male,Chevrolet,Edge,2007,Pickup
Hayley,Skinner,86,Female,Nissan,Grand Caravan Passenger,2007,"Sedan, Wagon"
Kevin,Owen,87,Male,BMW,CLA,2017,Van/Minivan
Lewis,Smith,24,Male,Chevrolet,Paseo,2014,Sedan
Robin,Young,48,Male,Mercedes-Benz,Pacifica,2002,Sedan
Suzanne,Hayward,67,Female,Volkswagen,M-Class,2009,SUV
Barry,Moore,18,Male,GMC,Silverado 2500 HD Regular Cab,2003,Hatchback
Nicole,Chan,47,Female,BMW,GLA,2016,SUV
Grace,Roberts,63,Female,Mercedes-Benz,ATS,2006,Wagon
Charlie,Mitchell,27,Male,Ford,New Yorker,1993,Pickup
Scott,Khan,89,Male,GMC,EcoSport,1999,Pickup
Jonathan,Herbert,72,Male,Subaru,Jetta,2010,Sedan
Liam,Wood,49,Male,Pontiac,LX,2020,Hatchback
Samuel,Anderson,45,Male,Rolls-Royce,F-TYPE,2018,Sedan
Carl,Thomas,31,Male,Chevrolet,XC90,2011,"Sedan, Hatchback"
Abbie,Smith,42,Female,Chevrolet,2500 HD Extended Cab,1993,SUV
Barry,Morgan,79,Male,Honda,A6,1995,Pickup
Sam,Wells,19,Male,Ford,Freestyle,2005,Sedan
Timothy,Butler,18,Male,MAZDA,1500 Regular Cab,2000,SUV
Kimberley,Booth,89,Female,Chevrolet,Savana 2500 Passenger,2018,SUV
Vanessa,Clarke,40,Female,Porsche,SC,1994,Hatchback
Lorraine,Hargreaves,77,Female,Toyota,Prius,2007,Sedan
Helen,Moss,26,Female,Audi,812 Superfast,2012,Hatchback
Jessica,Morris,69,Female,Audi,S10 Crew Cab,2004,Pickup
Peter,Higgins,61,Male,Dodge,Silverado 3500 Extended Cab,2016,Sedan
Kelly,Nicholson,75,Female,Scion,Maxima,2017,Sedan
Marian,Barry,72,Female,HUMMER,Regular Cab,2002,SUV
Jordan,Humphries,69,Male,Suzuki,Land Cruiser,2017,Sedan
Oliver,Buckley,42,Male,Chevrolet,Land Cruiser,1999,Pickup
Rosie,Barrett,33,Female,Mitsubishi,B-Series Regular Cab,2010,Van/Minivan
Patrick,Phillips,26,Male,Toyota,GT-R,2006,"Sedan, Coupe, Wagon"
Lewis,Begum,41,Male,Honda,Sierra 3500 Regular Cab,1994,Sedan
Robert,Norton,81,Male,Ford,Raider Double Cab,1997,SUV
Sandra,Gill,46,Female,Volkswagen,Trax,2009,Convertible
Karl,Davies,87,Male,Chevrolet,MX-5 Miata RF,1998,"Sedan, Coupe"
Denis,Pearce,82,Male,Honda,Accent,2019,SUV
Jake,Thompson,31,Male,Ford,Montana,2014,SUV
Jack,Bennett,58,Male,MAZDA,T100 Regular Cab,2008,Hatchback
Diane,Wood,56,Female,Geo,Corvette,2016,Pickup
Daniel,Baker,27,Male,Nissan,CX-3,2019,Pickup
Alan,Pritchard,19,Male,Mercedes-Benz,Impreza,2018,Sedan
Janet,Farmer,90,Female,Chevrolet,Soul EV,2016,Coupe
Stephen,Fisher,21,Male,Chrysler,S5,1996,"Coupe, Convertible"
Tom,Barnett,41,Male,Mercedes-Benz,Boxster,1992,Hatchback
Harriet,Murray,19,Female,Acura,Sonata,2015,"Coupe, Sedan, Convertible"
Sean,Cole,84,Male,MAZDA,86,2003,Pickup
Geoffrey,Davies,30,Male,Ford,SLS-Class,1999,SUV
Joanne,Williams,31,Female,Nissan,E350 Super Duty Cargo,2018,Coupe
Brandon,Sharpe,30,Male,Aston Martin,Canyon Regular Cab,2012,Sedan
Harry,Lynch,44,Male,Ford,Savana 3500 Cargo,1993,Pickup
Jacob,Humphreys,35,Male,Kia,Swift,2014,Sedan
Frederick,Walker,77,Male,Lexus,Q5,2017,"Sedan, Hatchback"
Emma,Parry,80,Female,Scion,PT Cruiser,2014,Van/Minivan
Max,Smith,37,Male,Porsche,GS,2008,"Sedan, Wagon"
Emma,Edwards,32,Female,Chevrolet,NX,2011,"Sedan, Coupe"
Lewis,Smith,40,Male,Jeep,Silverado 2500 HD Crew Cab,1999,Coupe
Gregory,Evans,75,Male,Toyota,i8,2007,Sedan
Heather,Brown,56,Female,Acura,E150 Passenger,2011,Sedan
Emily,Holland,41,Female,Ford,MAZDA3,2014,Pickup
Nicola,Morris,34,Female,Mercedes-Benz,STS,1992,SUV
Zoe,Goddard,22,Female,Mercedes-Benz,M,2006,Sedan
Georgia,Power,81,Female,Mercedes-Benz,2500 Regular Cab,2009,Pickup
Carly,Cox,24,Female,Audi,GS,2012,Van/Minivan
Richard,Jones,52,Male,Chevrolet,LEAF,2000,Coupe
Janet,Morris,89,Female,Hyundai,Silverado 1500 Crew Cab,1994,Pickup
Jamie,Henderson,45,Male,GMC,Ram Wagon 3500,2018,SUV
Karen,Edwards,44,Female,Isuzu,M2,2003,"Convertible, Hatchback"
Joseph,Barnes,50,Male,Ram,Lancer,2006,Coupe
George,Newman,23,Male,Chevrolet,Club Wagon,2010,Pickup
Gillian,Mason,88,Female,Honda,S6,1999,Pickup
Olivia,Murphy,49,Female,Volvo,Amanti,2001,"Sedan, Coupe"
Roy,Frost,75,Male,Pontiac,Suburban 2500,2010,SUV
Jean,Wilson,25,Female,Subaru,Relay,2000,Coupe
Roger,King,86,Male,Mercury,Precis,2009,Van/Minivan
Andrea,Green,75,Female,INFINITI,Sierra 3500 Regular Cab,2010,Sedan
Hollie,Walker,23,Female,Mercedes-Benz,Sierra 2500 Extended Cab,2003,SUV
Jacqueline,Little,88,Female,Toyota,Sebring,1998,Pickup
Heather,Haynes,70,Female,Lexus,Q5,1994,SUV
Joseph,Begum,57,Male,Audi,F12berlinetta,1992,SUV
Douglas,Holloway,23,Male,Nissan,Ram 1500 Mega Cab,1995,SUV
Lesley,Williams,53,Female,Scion,Sierra 2500 HD Regular Cab,2003,Convertible
Jayne,Wilson,69,Female,INFINITI,Ram Van B350,2012,Pickup
Jeremy,Ryan,81,Male,Pontiac,S8,1995,Sedan
Valerie,Smith,28,Female,Suzuki,G-Class,2013,Pickup
Shannon,Moore,41,Female,Suzuki,Golf Alltrack,2008,Sedan
Karl,Johnson,78,Male,Bentley,Wrangler,2000,Sedan
Kate,Wright,80,Female,Chevrolet,300ZX,1997,Van/Minivan
Nicola,Bruce,86,Female,Lexus,Touareg,2015,Van/Minivan
Hayley,Owen,73,Female,Ferrari,F350 Regular Cab,2000,SUV
Emily,Godfrey,55,Female,Nissan,2500 Club Coupe,1997,Hatchback
Rosie,Alexander,65,Female,Volvo,Leganza,1992,Sedan
Russell,Coates,71,Male,BMW,MDX,2016,Sedan
Emma,James,49,Female,Nissan,626,2005,Van/Minivan
Joshua,Smith,43,Male,BMW,Boxster,2007,Pickup
Howard,Griffiths,74,Male,GMC,EX,1998,Hatchback
Margaret,Ball,19,Female,Dodge,Macan,2012,Hatchback
Jane,Scott,56,Female,GMC,Corvette,2003,Pickup
Natalie,Cox,79,Female,Nissan,Discovery Sport,2005,Pickup
Dominic,Wood,75,Male,Chevrolet,Silverado 1500 Regular Cab,1995,"Convertible, Coupe"
Samuel,Kennedy,35,Male,Mercedes-Benz,Canyon Extended Cab,1994,"Sedan, Wagon"
Cameron,Atkinson,34,Male,HUMMER,XK,2019,Pickup
Jordan,Williams,82,Male,GMC,3-Sep,2014,Wagon
Elizabeth,Sanders,79,Female,Acura,Sable,2011,Pickup
Ellie,Allen,23,Female,Porsche,Discovery,2018,Pickup
Barbara,Chamberlain,64,Female,GMC,Ranger Regular Cab,1996,"Sedan, Wagon"
Frederick,Gardner,87,Male,GMC,XE,1997,Sedan
June,Tucker,83,Female,Chevrolet,Sienna,2009,Pickup
Marcus,Richardson,82,Male,Dodge,Optima,2001,Sedan
Callum,Gray,26,Male,Chevrolet,TT,2009,Sedan
Maureen,Goodwin,23,Female,MAZDA,650S,2019,Van/Minivan
Mitchell,Jones,35,Male,Hyundai,Camry,2008,Van/Minivan
Barry,Turner,88,Male,INFINITI,Cayenne,2006,Pickup
Alexandra,Holt,58,Female,Chevrolet,NV200,1994,"Coupe, Sedan"
Robert,White,27,Male,Nissan,Crossfire,2008,"Sedan, Wagon"
Chelsea,Robson,28,Female,Honda,CTS-V,2010,Van/Minivan
Gareth,Walsh,18,Male,Plymouth,Sierra 3500 Extended Cab,2013,Sedan
Martin,Scott,61,Male,Ford,Grand Caravan Passenger,2016,SUV
Sam,Foster,88,Male,BMW,4 Series,1992,"Coupe, Sedan, Wagon"
Gregory,Burke,32,Male,Lexus,Optima,2008,Sedan
Jodie,Taylor,40,Female,Chevrolet,Galant,2010,"Sedan, Coupe, Convertible"
Julie,Brooks,76,Female,Toyota,TL,1995,Pickup
Shaun,Farrell,44,Male,Ford,1500 Extended Cab,2014,Pickup
Cameron,Hudson,63,Male,Subaru,GTI,1995,Sedan
Lisa,Harris,70,Female,Mercedes-Benz,Savana 1500 Cargo,2009,Van/Minivan
Carol,Fitzgerald,83,Female,Ford,Escalade EXT,2015,Hatchback
Kayleigh,Cox,40,Female,Cadillac,C-Class,2010,SUV
Robin,Sheppard,79,Male,Bentley,G-Series G30,2011,SUV
Kenneth,Andrews,89,Male,Kia,Tahoe,2007,Sedan
Lynn,Murray,40,Female,Pontiac,86,2013,SUV
Nicola,Allen,80,Female,BMW,Eurovan,2014,Wagon
Glen,Dennis,58,Male,Nissan,Sonoma Regular Cab,2008,"Sedan, Coupe, Wagon"
Rosemary,Wilson,91,Female,Toyota,Quest,2016,Pickup
Dorothy,Lane,80,Female,Lincoln,SLS-Class,2015,Sedan
Francesca,Wilson,83,Female,Dodge,Safari Passenger,2003,"Hatchback, Convertible"
Lorraine,Randall,46,Female,Honda,Tundra CrewMax,1997,Van/Minivan
Jean,Mann,37,Female,Mercury,500e,2019,Pickup
Amanda,Knight,76,Female,Chevrolet,Aerostar Cargo,2010,SUV
Jane,Turner,51,Female,Volvo,Dakota Regular Cab,1995,Convertible
Owen,Jones,55,Male,Mercedes-Benz,Venza,2007,Coupe
Megan,Reid,28,Female,Lexus,Impreza,2000,SUV
Fiona,O'Connor,51,Female,Land Rover,SLX,2018,Pickup
Marilyn,Smith,90,Female,Hyundai,Accord,2009,Pickup
Billy,Walker,29,Male,Suzuki,Lumina Passenger,2002,Van/Minivan
Alex,Ali,39,Male,Chevrolet,Sierra 3500 Crew Cab,2010,Coupe
Kieran,Robinson,58,Male,BMW,Ram Wagon 2500,2006,Hatchback
Conor,Cox,46,Male,Chevrolet,Impreza,2014,Pickup
Katherine,Taylor,56,Female,Pontiac,Wrangler,2016,Van/Minivan
Bradley,Jones,63,Male,GMC,Aveo,2004,Sedan
Tina,Rogers,44,Female,Volvo,Fleetwood,2003,Sedan
Geoffrey,Phillips,86,Male,Genesis,Renegade,2016,Sedan
Rachael,Clark,71,Female,Lincoln,Astro Passenger,2017,"Sedan, Coupe, Hatchback"
Rita,Jennings,85,Female,Dodge,Sonata,2016,Sedan
Zoe,Webb,85,Female,Lexus,Suburban 2500,2012,Van/Minivan
Frances,Blake,68,Female,Chrysler,900,1995,SUV
Donald,Francis,44,Male,Chevrolet,Traverse,2016,Pickup
Malcolm,Clarke,90,Male,Nissan,ELR,2016,Sedan
Mohammed,Clark,19,Male,Honda,Outlander,2019,Van/Minivan
Megan,Marsh,80,Female,Chevrolet,Sunbird,1993,Hatchback
Patricia,Robinson,28,Female,Dodge,6 Series,2012,Coupe
Allan,Fox,50,Male,Chevrolet,Tahoe,2001,SUV
Jake,Cox,82,Male,Volkswagen,E350 Super Duty Passenger,2005,Pickup
William,Clarke,86,Male,GMC,Yukon XL 2500,2008,"Wagon, Sedan"
Victoria,Clark,34,Female,Lexus,Ram 3500 Mega Cab,2004,Van/Minivan
Guy,Carter,71,Male,Audi,RAV4 Hybrid,2010,SUV
Suzanne,Wright,36,Female,Buick,MX-6,2014,Sedan
Valerie,Richardson,74,Female,Mitsubishi,2500 Extended Cab,2019,SUV
Gary,Brookes,91,Male,Land Rover,Rogue,1992,Pickup
Jeffrey,Cameron,46,Male,Chevrolet,H3,2019,SUV
Elliot,Evans,32,Male,BMW,Soul EV,2014,Hatchback
Jamie,Murphy,54,Male,Chevrolet,QX80,2004,Van/Minivan
Jacob,Stanley,84,Male,MAZDA,cube,2000,"Wagon, Sedan"
Luke,Kaur,38,Male,GMC,F350 Super Duty Super Cab,2002,Sedan
Joanna,Fowler,39,Female,Audi,Canyon Crew Cab,2016,Van/Minivan
Suzanne,Wilkinson,45,Female,Volvo,RX,2007,Van/Minivan
Iain,Williamson,27,Male,Chevrolet,V70,2016,Sedan
Joanne,Fowler,62,Female,Mercedes-Benz,Express 1500 Cargo,2005,Sedan
Charles,Brennan,50,Male,BMW,LeSabre,2014,SUV
Ruth,Ryan,31,Female,Toyota,570S,1999,Convertible
Howard,Doyle,37,Male,Porsche,GL-Class,1994,Van/Minivan
Hugh,Lambert,65,Male,Ford,Q,2007,SUV
Howard,Powell,20,Male,Mitsubishi,Sierra (Classic) 3500 Extended Cab,1992,Van/Minivan
Lawrence,Bailey,33,Male,Honda,Ram 2500 Regular Cab,1998,Convertible
Paige,Saunders,36,Female,Maserati,Silverado 1500 Crew Cab,2013,"Sedan, Wagon, Convertible"
Gerald,Taylor,85,Male,Ford,Canyon Extended Cab,2000,Van/Minivan
Stacey,Sutton,70,Female,Porsche,Ram Van 3500,1998,Hatchback
Hugh,Evans,90,Male,Toyota,Land Cruiser,1996,Sedan
Marcus,Morris,58,Male,GMC,Fiesta,2019,Pickup
Samuel,Rees,59,Male,Mercedes-Benz,Z4,2012,Hatchback
Julian,Sheppard,43,Male,Chevrolet,Montero Sport,1999,Pickup
Amy,Stone,25,Female,Volkswagen,Prizm,2010,SUV
Julia,Burton,80,Female,Land Rover,RC,1995,"Sedan, Wagon"
Jodie,Robinson,77,Female,Mercedes-Benz,Cayman,2004,Hatchback
Heather,Harris,65,Female,Hyundai,Vantage,2006,Hatchback
Sara,Stewart,54,Female,Saab,C-MAX Hybrid,2002,Sedan
Christopher,Marshall,38,Male,Mercedes-Benz,Sierra 2500 HD Crew Cab,2004,Pickup
Sarah,Stewart,64,Female,Cadillac,MAZDA6,2006,Sedan
Samuel,Chapman,48,Male,Volvo,MKT,2006,Wagon
Roger,Brown,28,Male,GMC,IS F,2001,Sedan
Abigail,Green,65,Female,Dodge,Transit Connect Passenger,1993,Pickup
Maria,Davies,44,Female,Chrysler,7 Series,2001,SUV
Douglas,Hilton,23,Male,Lamborghini,Outback,2005,Coupe
Nathan,Gibson,37,Male,Dodge,Yukon XL 1500,2006,SUV
Natasha,Kennedy,51,Female,Saturn,Trooper,2017,Van/Minivan
Lydia,Davies,79,Female,Nissan,Supra,2019,Sedan
Rita,Griffiths,38,Female,Toyota,Tundra Double Cab,2017,SUV
Kenneth,Chambers,53,Male,Subaru,Cabrio,1994,Sedan
Sally,Rowe,77,Female,Toyota,F250 Super Cab,2011,SUV
Rebecca,Smith,78,Female,Lexus,Sonata Plug-in Hybrid,2014,Coupe
Leonard,Harris,77,Male,Rolls-Royce,Colorado Crew Cab,2003,Sedan
Jill,Pearce,69,Female,Volkswagen,Sierra 3500 HD Regular Cab,1992,SUV
Dominic,Webb,48,Male,Buick,M3,2012,Coupe
Robert,Ferguson,31,Male,Mercedes-Benz,RC,1994,SUV
Vincent,Miah,74,Male,Land Rover,TITAN XD Crew Cab,2015,Sedan
Glen,Baker,26,Male,Mitsubishi,Alpina B7,1994,"Sedan, Hatchback"
Roger,Smith,70,Male,Dodge,Milan,2012,Sedan
Callum,Morris,36,Male,Ford,Express 2500 Passenger,2019,Van/Minivan
Roy,Mason,20,Male,Chevrolet,M-Class,2013,Van/Minivan
Mathew,Bennett,36,Male,Chevrolet,Range Rover,2011,SUV
Samantha,Taylor,31,Female,Honda,Civic,2000,SUV
Frank,Begum,61,Male,BMW,Edge,2016,Sedan
Dennis,Whittaker,27,Male,Honda,Sable,1994,Sedan
Kathryn,Williams,79,Female,Jeep,A8,2019,Pickup
Rita,Young,84,Female,Chrysler,3-Sep,2018,SUV
Terence,Hudson,41,Male,Toyota,Sierra 1500 Regular Cab,2000,"Coupe, Convertible"
Shane,Chambers,55,Male,Mercedes-Benz,Sierra 2500 HD Regular Cab,1999,Sedan
Shannon,O'Neill,44,Female,Mercury,Envoy XUV,1995,SUV
Simon,Davies,64,Male,Bentley,SKY,2004,SUV
Bethan,Nicholls,81,Female,Ford,Econoline E350 Cargo,1992,Pickup
Marcus,Yates,24,Male,Honda,F12berlinetta,2009,"Coupe, Sedan, Convertible"
Jack,Hughes,76,Male,Mercedes-Benz,Sable,1992,Pickup
Owen,Benson,41,Male,Geo,Avalanche 2500,2015,Van/Minivan
Tracy,Mellor,27,Female,Mercury,PT Cruiser,2015,Wagon
Toby,Gray,85,Male,Hyundai,S4,2016,Van/Minivan
Owen,Mistry,87,Male,Honda,Savana 1500 Cargo,2011,SUV
Barbara,Gardiner,89,Female,Chevrolet,Optima (2006.5),1997,Coupe
Josephine,Kirby,41,Female,Chrysler,G-Series G10,2008,Pickup
Nicola,Gordon,71,Female,Chevrolet,Sunfire,2017,Van/Minivan
Richard,Reid,41,Male,Lincoln,Ioniq Electric,2009,SUV
Oliver,Hart,51,Male,Chevrolet,Fusion,2018,SUV
Karl,Barber,34,Male,Lincoln,X6,1999,Sedan
Louis,Elliott,65,Male,GMC,MX-5 Miata,2014,"Sedan, Hatchback"
Abdul,Kelly,79,Male,Volkswagen,XJ,2006,Sedan
Louise,Barnett,53,Female,Mercedes-Benz,Tundra Double Cab,1994,SUV
Scott,Lyons,61,Male,Oldsmobile,S8,1995,Pickup
Denis,Short,54,Male,Chevrolet,CLK-Class,1995,"Sedan, Hatchback"
Colin,Davies,86,Male,Jeep,XK,2011,Pickup
Emily,Shaw,37,Female,GMC,Cascada,2008,SUV
Mohamed,Lynch,87,Male,Land Rover,GTI,1996,Convertible
Ben,Martin,84,Male,BMW,LS,2016,Hatchback
Henry,Phillips,86,Male,Subaru,E350 Super Duty Cargo,2000,SUV
Gemma,Evans,37,Female,Nissan,E350 Super Duty Cargo,2011,"Sedan, Wagon"
Kieran,Reeves,19,Male,INFINITI,S-Class,1994,Sedan
Bethan,Griffiths,70,Female,Chevrolet,Forte,2005,Van/Minivan
Luke,Stephenson,27,Male,Ferrari,Stratus,1997,Sedan
Danny,Giles,83,Male,MAZDA,SVX,2005,Sedan
Emma,Taylor,80,Female,Cadillac,S-Class,2003,Sedan
Roy,Pugh,37,Male,Jaguar,Savana 3500 Passenger,1992,Pickup
Sylvia,Watson,70,Female,Nissan,2500 Mega Cab,2014,SUV
Natalie,Barber,71,Female,Porsche,RLX,2009,Hatchback
Rachel,Matthews,18,Female,Volkswagen,Terrain,1999,Sedan
Mathew,Lee,86,Male,GMC,Probe,2019,Sedan
Megan,Khan,85,Female,Buick,ES,2016,Coupe
Joanna,Brown,89,Female,Tesla,Sierra 1500 Extended Cab,1996,Sedan
Ian,Mason,52,Male,Chevrolet,Ranger Super Cab,2006,Van/Minivan
Kieran,Williams,56,Male,Dodge,5-Sep,2011,Sedan
Vincent,Todd,85,Male,Chevrolet,Phantom,1994,Pickup
Declan,Jones,19,Male,GMC,Frontier King Cab,2004,SUV
Marc,Mitchell,64,Male,Cadillac,Elantra GT,2012,Sedan
Roger,Williams,91,Male,BMW,Explorer,2019,Hatchback
Elaine,Cunningham,59,Female,Honda,Sprinter WORKER Cargo,2018,Van/Minivan
Owen,Barnett,60,Male,Lexus,A6,2016,Sedan
Jeffrey,Howard,53,Male,Audi,Seville,2008,SUV
Louise,Harrison,44,Female,Mitsubishi,Savana 2500 Passenger,2014,SUV
Leigh,Taylor,24,Male,INFINITI,Continental,2007,Pickup
Sheila,Price,65,Female,Dodge,Altima,2012,"Coupe, Convertible"
Wendy,Smith,75,Female,Toyota,Sierra 3500 Extended Cab,1992,"Sedan, Wagon"
Clifford,Price,70,Male,Nissan,B-Series Cab Plus,1996,"Convertible, Hatchback"
Rosemary,Khan,33,Female,Honda,Sonoma Club Coupe Cab,1997,SUV
Rachel,Fry,37,Female,GMC,G,2017,SUV
Josh,Ball,75,Male,BMW,Accord,2013,Pickup
Henry,Hussain,45,Male,GMC,A6,2005,"Coupe, Convertible"
Kayleigh,Graham,68,Female,Nissan,Beretta,2002,Van/Minivan
Lynn,Norris,30,Female,Chevrolet,Passat,1998,Pickup
Connor,Ross,32,Male,Ram,Tundra Double Cab,2013,Pickup
Janice,Carey,47,Female,BMW,Ranger Super Cab,2013,Pickup
Tracey,Potts,27,Female,Lexus,Blazer,2008,SUV
Beth,Day,59,Female,Dodge,Aveo,2001,Pickup
Barbara,Patterson,40,Female,GMC,Outlander Sport,2008,Hatchback
Victor,Jones,52,Male,Chevrolet,Sentra,2007,Van/Minivan
Cheryl,Walker,20,Female,Audi,Camry,2019,SUV
Damian,Mitchell,55,Male,Ford,Savana 3500 Cargo,2005,Pickup
Roy,Daniels,50,Male,Volkswagen,9000,2018,Van/Minivan
Lynn,Bradley,82,Female,GMC,CX-7,2012,Van/Minivan
Marc,Edwards,21,Male,Nissan,F350 Super Duty Crew Cab,2012,SUV
Richard,Roberts,62,Male,Dodge,Sierra 3500 HD Crew Cab,2017,Van/Minivan
Bethany,Ward,35,Female,BMW,Beretta,2007,Van/Minivan
Sophie,Hale,48,Female,Volkswagen,fortwo electric drive cabrio,2007,Van/Minivan
Sian,Watkins,22,Female,Ram,Suburban 2500,2010,Pickup
Graeme,Foster,23,Male,Buick,Suburban 2500,2004,Van/Minivan
Olivia,Ward,38,Female,Subaru,Nitro,2006,Van/Minivan
Matthew,Welch,53,Male,GMC,G,2004,Pickup
Patrick,Hawkins,25,Male,Kia,Econoline E150 Cargo,2010,Sedan
Peter,Parkinson,40,Male,Bentley,Catera,2007,SUV
Tracey,Ahmed,30,Female,Dodge,ATS-V,1995,Van/Minivan
Alexander,Wallace,21,Male,Audi,V40,2016,"Wagon, Sedan"
Gareth,Fletcher,27,Male,Buick,G-Series G30,1996,SUV
Beth,Cole,32,Female,INFINITI,HS,1999,"Sedan, Wagon, Coupe"
Elliott,Jones,30,Male,Ford,Axiom,2009,Van/Minivan
Sean,Pickering,32,Male,Dodge,Savana 2500 Passenger,2005,Pickup
Fiona,Adams,73,Female,Mitsubishi,Crossfire,2010,SUV
Kelly,Dickinson,72,Female,Chevrolet,Cayman,2016,Sedan
Ronald,Davies,54,Male,Acura,GX,2019,Sedan
Shannon,Begum,52,Female,Buick,MX-6,2013,Pickup
Carol,Edwards,62,Female,Nissan,Explorer Sport Trac,2005,SUV
Phillip,Allen,54,Male,Saab,TLX,2007,SUV
Laura,White,91,Female,Chevrolet,Jetta,2005,Sedan
Glen,Hunt,56,Male,INFINITI,Thunderbird,2017,SUV
William,Hamilton,67,Male,Toyota,2500 Regular Cab,2008,Van/Minivan
Dylan,Craig,19,Male,Mercedes-Benz,Discovery Sport,2006,Van/Minivan
Bradley,Johnson,90,Male,Chevrolet,Wrangler,2016,Hatchback
Joanna,Turner,70,Female,Chevrolet,Q5,2011,Sedan
Hugh,Fowler,81,Male,Kia,Paceman,2016,Sedan
Craig,White,40,Male,BMW,Ghibli,2012,Hatchback
Rita,Price,55,Female,Mercedes-Benz,LS,1995,SUV
Claire,Noble,91,Female,Chevrolet,F350 Crew Cab,2000,Van/Minivan
Lynne,Gallagher,44,Female,Ford,Cruze,1995,SUV
Ross,Marshall,40,Male,Mercedes-Benz,MR2,2006,SUV
Harry,Young,37,Male,Chevrolet,2500 Regular Cab,2006,Wagon
Nicholas,Gray,69,Male,Hyundai,Maxima,1995,SUV
Robin,Cook,69,Male,Hyundai,Wrangler,2005,Sedan
Denis,Perry,44,Male,Chevrolet,GranTurismo,1994,SUV
Andrew,White,28,Male,Chevrolet,S-Class,2011,Sedan
Rita,Wilkins,63,Female,Ford,Focus,1996,SUV
Roy,Reid,32,Male,Cadillac,Highlander,2005,Coupe
Dylan,Brown,23,Male,Audi,Escape,2020,Pickup
Ellie,Williams,65,Female,Ford,fortwo,2008,Pickup
Eric,Lee,25,Male,Chevrolet,Elantra,1998,Pickup
Conor,Shah,71,Male,Cadillac,Legacy,2016,Pickup
Paul,Robertson,89,Male,Ford,M6,1999,SUV
Hannah,Brookes,32,Female,Hyundai,2500 Mega Cab,2004,SUV
Carolyn,Page,77,Female,Mercedes-Benz,A3,2016,Pickup
Jamie,Fraser,28,Male,Lexus,500L,2010,Hatchback
Kate,Talbot,43,Female,Ford,Uplander Passenger,2019,Van/Minivan
Graeme,Gallagher,68,Male,GMC,Beretta,2016,"Sedan, Coupe, Hatchback"
Glenn,Burgess,33,Male,Volkswagen,Impreza,2018,Pickup
Jacqueline,Boyle,85,Female,Hyundai,XC40,1998,SUV
Max,Owen,34,Male,Hyundai,Grand Caravan Cargo,2019,"Wagon, Sedan"
Leanne,Clayton,19,Female,Ford,Mustang,2000,Pickup
Michelle,Payne,47,Female,BMW,Sorento,2019,Van/Minivan
Carly,Lambert,23,Female,GMC,Grand Am,2007,Sedan
Benjamin,Brown,35,Male,BMW,Savana 3500 Passenger,2008,Sedan
Donna,Bradley,50,Female,MAZDA,Beetle,2009,"Sedan, Coupe"
Joyce,Smart,22,Female,GMC,Convertible,2011,Coupe
Derek,Hewitt,78,Male,Toyota,MPV,2018,Coupe
Ellie,Buckley,58,Female,Mercury,Century,2007,SUV
Duncan,Ford,66,Male,Kia,M3,2017,"Sedan, Wagon"
Annette,Wallace,88,Female,Saturn,S80,1992,SUV
Cameron,Saunders,70,Male,Audi,Sonata,2019,Sedan
Neil,Campbell,56,Male,MAZDA,200SX,2015,SUV
Melanie,Simpson,34,Female,Lincoln,F350 Super Duty Crew Cab,2004,Coupe
Liam,Kay,61,Male,Pontiac,Venza,2014,Convertible
Lorraine,Williamson,75,Female,GMC,RL,2020,Sedan
Louise,Metcalfe,65,Female,Ford,Silverado (Classic) 3500 Extended Cab,2001,Pickup
Geraldine,Mason,44,Female,Acura,900,1999,Sedan
Lauren,Hawkins,67,Female,Nissan,Suburban 2500,2007,SUV
Kim,Johnson,84,Female,BMW,NV200 Taxi,2020,Van/Minivan
Lewis,Jones,73,Male,GMC,E350 Super Duty Cargo,2006,Sedan
Dawn,Ross,51,Female,Dodge,Tiguan,2012,"Convertible, Coupe"
Sian,Donnelly,21,Female,GMC,Suburban,1998,SUV
Marilyn,Parsons,19,Female,Suzuki,MPV,2016,"Sedan, Wagon"
Carly,Stokes,53,Female,GMC,Accord,2007,Van/Minivan
Robert,Owen,65,Male,Isuzu,Montero,2011,Pickup
Guy,Parker,60,Male,Oldsmobile,Sierra (Classic) 2500 HD Regular Cab,2019,Van/Minivan
Beth,Stephenson,84,Female,Toyota,Passat,2018,"Coupe, Convertible"
Josephine,Rice,64,Female,Nissan,E-Class,2008,"Sedan, Wagon"
Roger,Parker,55,Male,Ford,SL-Class,2005,SUV
Geraldine,Patel,24,Female,Nissan,Blackwood,2002,SUV
Amber,Freeman,90,Female,Dodge,CX-30,2000,Sedan
Kimberley,Dixon,40,Female,Jeep,Rogue,2010,"Sedan, Coupe"
Gerard,McLean,53,Male,Ford,Safari Passenger,2000,Van/Minivan
Elizabeth,Brown,73,Female,Chevrolet,Convertible,1997,Sedan
Bradley,Lewis,47,Male,smart,Prius c,1994,Van/Minivan
Duncan,Price,24,Male,Honda,Ghibli,2018,Sedan
John,Ferguson,34,Male,Lincoln,MAZDA2,2008,Van/Minivan
Bryan,Parkes,27,Male,Cadillac,Contour,2020,Pickup
Declan,Finch,23,Male,GMC,MDX,2003,Coupe
Joel,Middleton,65,Male,Nissan,Silverado (Classic) 2500 HD Extended Cab,2005,Hatchback
Michael,Williams,87,Male,Ford,Altima,2016,"Wagon, Sedan"
Ross,Law,47,Male,Suzuki,Mustang,1997,Coupe
Leanne,Andrews,86,Female,Chevrolet,Impreza,2003,Van/Minivan
Kim,Gibson,39,Female,Mitsubishi,Ram Wagon B350,1994,Sedan
Keith,Jones,48,Male,Toyota,Beretta,2009,Van/Minivan
Teresa,Potter,61,Female,Nissan,M6,2017,Pickup
Louis,Davies,59,Male,Acura,488 GTB,2002,Sedan
Jennifer,Wall,25,Female,Dodge,Range Rover,1997,Pickup
Gerald,Hughes,49,Male,Pontiac,Legacy,1996,Sedan
Mary,Austin,87,Female,Subaru,SLK-Class,2012,"Sedan, Hatchback"
Iain,Wilkinson,56,Male,Ford,Grand Cherokee,2011,"Wagon, Sedan"
Roger,Pope,57,Male,Volvo,LR2,2020,Pickup
Mary,Flynn,84,Female,Daewoo,B9 Tribeca,2016,"Sedan, Coupe"
Georgia,Thompson,22,Female,Buick,Camry,2019,SUV
Alex,Dean,33,Male,Mercedes-Benz,3500 Club Coupe,2004,Van/Minivan
Gordon,Davies,72,Male,Freightliner,Altima,2007,"Sedan, Wagon"
Antony,King,83,Male,Porsche,CX-3,2013,Pickup
Trevor,Sykes,64,Male,Mercedes-Benz,Trooper,2015,SUV
Naomi,Taylor,59,Female,Eagle,5 Series,2013,Van/Minivan
Sarah,Wilkins,88,Female,Lotus,Tundra Double Cab,2018,"Coupe, Convertible"
Justin,Doyle,38,Male,Tesla,Neon,2010,"Coupe, Convertible"
Shirley,Newman,47,Female,Kia,Savana 2500 Passenger,2015,SUV
Daniel,Hudson,31,Male,Rolls-Royce,Sierra 2500 HD Crew Cab,2005,Van/Minivan
Jacqueline,Matthews,61,Female,GMC,Silverado 2500 HD Crew Cab,2000,"Sedan, Hatchback"
Jordan,Mills,28,Male,Jaguar,Q7,2005,Sedan
Margaret,Robinson,91,Female,Chevrolet,Tahoe,2007,"Sedan, Wagon"
Marilyn,Bradley,74,Female,Hyundai,XK,1997,Sedan
Elliott,Jones,77,Male,Aston Martin,Tracker,1993,Wagon
Ashleigh,Johnson,36,Female,Aston Martin,Silverado 3500 HD Regular Cab,1997,Van/Minivan
Deborah,Davies,28,Female,Geo,X5,2002,Sedan
Deborah,Bartlett,88,Female,GMC,Cayenne,1996,Pickup
Mohamed,Gallagher,47,Male,Mercedes-Benz,RAV4,2011,Coupe
Jemma,Jones,80,Female,Audi,NV1500 Cargo,2006,Van/Minivan
Liam,Ryan,20,Male,Jeep,Sunfire,2015,Sedan
Clare,Edwards,20,Female,Pontiac,e-Golf,1997,Pickup
Kelly,Moss,80,Female,Honda,Rocky,1996,Sedan
Kyle,Ali,83,Male,Buick,Equinox,1999,Pickup
